address,district,building,"last date",case_id,"matched address (arcGIS)",Score,X,Y,LongLabel,Addr_type
"Tower 1, Kowloon Commerce Centre, Kwai Tsing","Kwai Tsing","Tower 1, Kowloon Commerce Centre","2020-02-01 00:00:00",18,"Tower 1, Kowloon Commerce Centre, 51 Kwai Cheong Road, Kwai Chung, Kwai Tsing",100,114.1326068,22.36154555,"Tower 1, Kowloon Commerce Centre, 51 Kwai Cheong Road, Kwai Chung, Kwai Tsing, HKG",PointAddress
"15 Celestial Heights, 80 Sheung Shing Street, Kowloon City","Kowloon City","15 Celestial Heights, 80 Sheung Shing Street","2020-02-01 00:00:00",16,"Celestial Height, 80 Sheung Shing Street, Ma Tau Wai, Kowloon City",98.62,114.185641,22.31977706,"Celestial Height, 80 Sheung Shing Street, Ma Tau Wai, Kowloon City, HKG",PointAddress
"Block 1, Site 11, Whampoa Garden, Kowloon City","Kowloon City","Block 1, Site 11, Whampoa Garden","2020-02-01 00:00:00",13,"Block 1, Gun Club Hill Barracks, Jordan, Yau Tsim Mong",96.39,114.1766848,22.3044982,"Block 1, Gun Club Hill Barracks, Jordan, Yau Tsim Mong, HKG",PointAddress
"Block 1, Site 11, Whampoa Garden, Kowloon City","Kowloon City","Block 1, Site 11, Whampoa Garden","2020-02-01 00:00:00",15,"Block 1, Gun Club Hill Barracks, Jordan, Yau Tsim Mong",96.39,114.1766848,22.3044982,"Block 1, Gun Club Hill Barracks, Jordan, Yau Tsim Mong, HKG",PointAddress
"183 Ma Tau Wai Road, Kowloon City","Kowloon City","183 Ma Tau Wai Road","2020-02-03 00:00:00",18,"183 Ma Tau Wai Road, Ma Tau Wai, Kowloon City",100,114.1877376,22.31937549,"183 Ma Tau Wai Road, Ma Tau Wai, Kowloon City, HKG",PointAddress
"Tower 2, Silvercord, Yau Tsim Mong","Yau Tsim Mong","Tower 2, Silvercord","2020-02-04 00:00:00",19,"Tower 2, Silvercord, 30 Canton Road, Tsim Sha Tsui, Yau Tsim Mong",100,114.169292,22.29775827,"Tower 2, Silvercord, 30 Canton Road, Tsim Sha Tsui, Yau Tsim Mong, HKG",PointAddress
"Yue Hong House, Hong Tin Court, Kwun Tong","Kwun Tong","Yue Hong House, Hong Tin Court","2020-02-04 00:00:00",19,"Yue Hong House, Hong Tin Court, 47 Kai Tin Road, Lam Tin, Kwun Tong",100,114.2343564,22.30777041,"Yue Hong House, Hong Tin Court, 47 Kai Tin Road, Lam Tin, Kwun Tong, HKG",PointAddress
"Yue Hong House, Hong Tin Court, Kwun Tong","Kwun Tong","Yue Hong House, Hong Tin Court","2020-02-04 00:00:00",17,"Yue Hong House, Hong Tin Court, 47 Kai Tin Road, Lam Tin, Kwun Tong",100,114.2343564,22.30777041,"Yue Hong House, Hong Tin Court, 47 Kai Tin Road, Lam Tin, Kwun Tong, HKG",PointAddress
"Yue Hong House, Hong Tin Court, Kwun Tong","Kwun Tong","Yue Hong House, Hong Tin Court","2020-02-04 00:00:00",20,"Yue Hong House, Hong Tin Court, 47 Kai Tin Road, Lam Tin, Kwun Tong",100,114.2343564,22.30777041,"Yue Hong House, Hong Tin Court, 47 Kai Tin Road, Lam Tin, Kwun Tong, HKG",PointAddress
"Ko Mong building, 142 - 146 Shau Kei Wan Road, Eastern",Eastern,"Ko Mong building, 142 - 146 Shau Kei Wan Road","2020-02-05 00:00:00",23,"Ko Mong Building, 142-146 Shau Kei Wan Road, Shau Kei Wan, Eastern",100,114.2223013,22.28127504,"Ko Mong Building, 142-146 Shau Kei Wan Road, Shau Kei Wan, Eastern, HKG",PointAddress
"Sui Shek House, Shek Mun Estate Phase II, Sha Tin","Sha Tin","Sui Shek House, Shek Mun Estate Phase II","2020-02-05 00:00:00",24,"Shek Mun Estate, Sha Tin",80,114.2093714,22.38648818,"Shek Mun Estate, Sha Tin, HKG",Locality
"Ko Mong building, 142 - 146 Shau Kei Wan Road, Eastern District","Eastern District","Ko Mong building, 142 - 146 Shau Kei Wan Road","2020-02-05 00:00:00",23,"Ko Mong Bldg",99.39,114.22236,22.28135,"Ko Mong Bldg, 142 Shau Kei Wan Rd, Sai Wan Ho, Eastern District, HKG",POI
"Block 1, Villa Esplanada, Kwai Tsing","Kwai Tsing","Block 1, Villa Esplanada","2020-02-05 00:00:00",21,"1 Villa Esplanada, Tsing Yi, Kwai Tsing",98.28,114.1059178,22.36181306,"1 Villa Esplanada, Tsing Yi, Kwai Tsing, HKG",StreetAddress
"Block 1, Villa Esplanada, Kwai Tsing","Kwai Tsing","Block 1, Villa Esplanada","2020-02-05 00:00:00",22,"1 Villa Esplanada, Tsing Yi, Kwai Tsing",98.28,114.1059178,22.36181306,"1 Villa Esplanada, Tsing Yi, Kwai Tsing, HKG",StreetAddress
"Tower 10, The Palazzo, Sha Tin","Sha Tin","Tower 10, The Palazzo","2020-02-06 00:00:00",26,"The Palazzo, Sha Tin",87.83,114.1991685,22.39526619,"The Palazzo, Sha Tin, HKG",Locality
"Serenity Garden, Hang Tau, North",North,"Serenity Garden, Hang Tau","2020-02-06 00:00:00",25,"Serenity Garden",98.21,114.10371,22.49419001,"Serenity Garden, Hang Tau Rd, Kwu Tung, North, HKG",POI
"Hospital Authority Building, 147B Argyle Street, Kowloon City","Kowloon City","Hospital Authority Building, 147B Argyle Street","2020-02-06 00:00:00",57,"Hospital Authority Building, 147-147B Argyle Street, Kowloon City",99.23,114.1832072,22.32434,"Hospital Authority Building, 147-147B Argyle Street, Kowloon City, HKG",PointAddress
"Hospital Authority Building, 147B Argyle Street, Kowloon City","Kowloon City","Hospital Authority Building, 147B Argyle Street","2020-02-06 00:00:00",59,"Hospital Authority Building, 147-147B Argyle Street, Kowloon City",99.23,114.1832072,22.32434,"Hospital Authority Building, 147-147B Argyle Street, Kowloon City, HKG",PointAddress
"Hanford Plaza, 333 Castle Peak Road, Tuen Mun","Tuen Mun","Hanford Plaza, 333 Castle Peak Road","2020-02-07 00:00:00",66,"Hanford Garden, 333 Castle Peak Road Castle Peak Bay, Tuen Mun",86.07,113.9778088,22.38300926,"Hanford Garden, 333 Castle Peak Road Castle Peak Bay, Tuen Mun, HKG",PointAddress
"Hospital Authority Building, 147B Argyle Street, Kowloon City","Kowloon City","Hospital Authority Building, 147B Argyle Street","2020-02-07 00:00:00",57,"Hospital Authority Building, 147-147B Argyle Street, Kowloon City",99.23,114.1832072,22.32434,"Hospital Authority Building, 147-147B Argyle Street, Kowloon City, HKG",PointAddress
"Hospital Authority Building, 147B Argyle Street, Kowloon City","Kowloon City","Hospital Authority Building, 147B Argyle Street","2020-02-07 00:00:00",59,"Hospital Authority Building, 147-147B Argyle Street, Kowloon City",99.23,114.1832072,22.32434,"Hospital Authority Building, 147-147B Argyle Street, Kowloon City, HKG",PointAddress
"Choi Fung Court, Wong Tai Sin","Wong Tai Sin","Choi Fung Court","2020-02-08 00:00:00",28,"Choi Fung Court, Choi Wan Estate, 23 Choi Fung Path, Ngau Chi Wan, Wong Tai Sin",100,114.213032,22.33492937,"Choi Fung Court, Choi Wan Estate, 23 Choi Fung Path, Ngau Chi Wan, Wong Tai Sin, HKG",PointAddress
"Hung Fook Mansion, 356-362 Lockhart Road, Wan Chai","Wan Chai","Hung Fook Mansion, 356-362 Lockhart Road","2020-02-08 00:00:00",27,"Hung Fook Mansion, 356-362 Lockhart Road, Wan Chai",100,114.1791269,22.27907014,"Hung Fook Mansion, 356-362 Lockhart Road, Wan Chai, HKG",PointAddress
"Hung Fook Mansion, 356-362 Lockhart Road, Wan Chai","Wan Chai","Hung Fook Mansion, 356-362 Lockhart Road","2020-02-08 00:00:00",29,"Hung Fook Mansion, 356-362 Lockhart Road, Wan Chai",100,114.1791269,22.27907014,"Hung Fook Mansion, 356-362 Lockhart Road, Wan Chai, HKG",PointAddress
"Hung Fook Mansion, 356-362 Lockhart Road, Wan Chai","Wan Chai","Hung Fook Mansion, 356-362 Lockhart Road","2020-02-08 00:00:00",30,"Hung Fook Mansion, 356-362 Lockhart Road, Wan Chai",100,114.1791269,22.27907014,"Hung Fook Mansion, 356-362 Lockhart Road, Wan Chai, HKG",PointAddress
"Lai Chi building, 42-56 Leighton Road, Wan Chai","Wan Chai","Lai Chi building, 42-56 Leighton Road","2020-02-08 00:00:00",32,"Lai Chi Building, 42-56 Leighton Road, Causeway Bay, Wan Chai",100,114.184107,22.27744544,"Lai Chi Building, 42-56 Leighton Road, Causeway Bay, Wan Chai, HKG",PointAddress
"Lai Chi building, 42-56 Leighton Road, Wan Chai","Wan Chai","Lai Chi building, 42-56 Leighton Road","2020-02-08 00:00:00",34,"Lai Chi Building, 42-56 Leighton Road, Causeway Bay, Wan Chai",100,114.184107,22.27744544,"Lai Chi Building, 42-56 Leighton Road, Causeway Bay, Wan Chai, HKG",PointAddress
"Lai Chi building, 42-56 Leighton Road, Wan Chai","Wan Chai","Lai Chi building, 42-56 Leighton Road","2020-02-08 00:00:00",35,"Lai Chi Building, 42-56 Leighton Road, Causeway Bay, Wan Chai",100,114.184107,22.27744544,"Lai Chi Building, 42-56 Leighton Road, Causeway Bay, Wan Chai, HKG",PointAddress
"Lai Chi building, 42-56 Leighton Road, Wan Chai","Wan Chai","Lai Chi building, 42-56 Leighton Road","2020-02-08 00:00:00",41,"Lai Chi Building, 42-56 Leighton Road, Causeway Bay, Wan Chai",100,114.184107,22.27744544,"Lai Chi Building, 42-56 Leighton Road, Causeway Bay, Wan Chai, HKG",PointAddress
"Hung Fook Mansion, 356-362 Lockhart Road, Wan Chai","Wan Chai","Hung Fook Mansion, 356-362 Lockhart Road","2020-02-08 00:00:00",31,"Hung Fook Mansion, 356-362 Lockhart Road, Wan Chai",100,114.1791269,22.27907014,"Hung Fook Mansion, 356-362 Lockhart Road, Wan Chai, HKG",PointAddress
"Maylun Apartments, 1-25 Shu Kuk Street, Eastern",Eastern,"Maylun Apartments, 1-25 Shu Kuk Street","2020-02-08 00:00:00",65,"Maylun Apartments, 1-25 Shu Kuk Street, North Point, Eastern",100,114.2001819,22.2908196,"Maylun Apartments, 1-25 Shu Kuk Street, North Point, Eastern, HKG",PointAddress
"Maylun Apartments, 1-25 Shu Kuk Street, Eastern",Eastern,"Maylun Apartments, 1-25 Shu Kuk Street","2020-02-08 00:00:00",70,"Maylun Apartments, 1-25 Shu Kuk Street, North Point, Eastern",100,114.2001819,22.2908196,"Maylun Apartments, 1-25 Shu Kuk Street, North Point, Eastern, HKG",PointAddress
"Tai Wo House, Wo Che Estate, Sha Tin","Sha Tin","Tai Wo House, Wo Che Estate","2020-02-09 00:00:00",37,"Tai Wo House, Wo Che Estate, Hip Yan Street, Sha Tin",100,114.1952498,22.38911535,"Tai Wo House, Wo Che Estate, Hip Yan Street, Sha Tin, HKG",PointAddress
"Central Tower, 89 Lockhart Road, Wan Chai","Wan Chai","Central Tower, 89 Lockhart Road","2020-02-09 00:00:00",33,"89 Lockhart Rd, Wan Chai",96.36,114.1719809,22.27820314,"89 Lockhart Rd, Wan Chai, HKG",StreetAddress
"Central Tower, 89 Lockhart Road, Wan Chai","Wan Chai","Central Tower, 89 Lockhart Road","2020-02-09 00:00:00",36,"89 Lockhart Rd, Wan Chai",96.36,114.1719809,22.27820314,"89 Lockhart Rd, Wan Chai, HKG",StreetAddress
"Hong Mei House, Cheung Hong Estate, Kwai Tsing","Kwai Tsing","Hong Mei House, Cheung Hong Estate","2020-02-09 00:00:00",12,"Hong Mei House, Cheung Hong Estate, 12 Ching Hong Road, Tsing Yi, Kwai Tsing",100,114.0992855,22.35039896,"Hong Mei House, Cheung Hong Estate, 12 Ching Hong Road, Tsing Yi, Kwai Tsing, HKG",PointAddress
"Cheung Hing Building, 110 Sai Wan Ho Street, Eastern",Eastern,"Cheung Hing Building, 110 Sai Wan Ho Street","2020-02-09 00:00:00",38,"Cheung Hing Building, 110-110C Sai Wan Ho Street, Shau Kei Wan, Eastern",99.29,114.221921,22.28145182,"Cheung Hing Building, 110-110C Sai Wan Ho Street, Shau Kei Wan, Eastern, HKG",PointAddress
"Cheung Hing Building, 110 Sai Wan Ho Street, Eastern",Eastern,"Cheung Hing Building, 110 Sai Wan Ho Street","2020-02-09 00:00:00",40,"Cheung Hing Building, 110-110C Sai Wan Ho Street, Shau Kei Wan, Eastern",99.29,114.221921,22.28145182,"Cheung Hing Building, 110-110C Sai Wan Ho Street, Shau Kei Wan, Eastern, HKG",PointAddress
"Cheung Hing Building, 110 Sai Wan Ho Street, Eastern",Eastern,"Cheung Hing Building, 110 Sai Wan Ho Street","2020-02-09 00:00:00",39,"Cheung Hing Building, 110-110C Sai Wan Ho Street, Shau Kei Wan, Eastern",99.29,114.221921,22.28145182,"Cheung Hing Building, 110-110C Sai Wan Ho Street, Shau Kei Wan, Eastern, HKG",PointAddress
"Hong Mei House, Cheung Hong Estate, Kwai Tsing","Kwai Tsing","Hong Mei House, Cheung Hong Estate","2020-02-09 00:00:00",42,"Hong Mei House, Cheung Hong Estate, 12 Ching Hong Road, Tsing Yi, Kwai Tsing",100,114.0992855,22.35039896,"Hong Mei House, Cheung Hong Estate, 12 Ching Hong Road, Tsing Yi, Kwai Tsing, HKG",PointAddress
"Chung Wui Mansion, 110 Wan Chai Road, Wan Chai","Wan Chai","Chung Wui Mansion, 110 Wan Chai Road","2020-02-09 00:00:00",33,"Chung Wui Mansion",100,114.1754501,22.27679002,"Chung Wui Mansion, 110 Wan Chai Rd, Wan Chai, HKG",POI
"Chung Wui Mansion, 110 Wan Chai Road, Wan Chai","Wan Chai","Chung Wui Mansion, 110 Wan Chai Road","2020-02-09 00:00:00",36,"Chung Wui Mansion",100,114.1754501,22.27679002,"Chung Wui Mansion, 110 Wan Chai Rd, Wan Chai, HKG",POI
"Hong Mei House, Cheung Hong Estate, Kwai Tsing","Kwai Tsing","Hong Mei House, Cheung Hong Estate","2020-02-09 00:00:00",49,"Hong Mei House, Cheung Hong Estate, 12 Ching Hong Road, Tsing Yi, Kwai Tsing",100,114.0992855,22.35039896,"Hong Mei House, Cheung Hong Estate, 12 Ching Hong Road, Tsing Yi, Kwai Tsing, HKG",PointAddress
"Hong Mei House, Cheung Hong Estate, Kwai Tsing","Kwai Tsing","Hong Mei House, Cheung Hong Estate","2020-02-09 00:00:00",48,"Hong Mei House, Cheung Hong Estate, 12 Ching Hong Road, Tsing Yi, Kwai Tsing",100,114.0992855,22.35039896,"Hong Mei House, Cheung Hong Estate, 12 Ching Hong Road, Tsing Yi, Kwai Tsing, HKG",PointAddress
"MOKO, Yau Tsim Mong","Yau Tsim Mong",MOKO,"2020-02-09 00:00:00",37,Momo,85.58,114.1736301,22.29912996,"Momo, 41 Carnarvon Rd, Tsim Sha Tsui, Yau Tsim Mong, HKG",POI
"MOKO, Yau Tsim Mong","Yau Tsim Mong",MOKO,"2020-02-09 00:00:00",50,Momo,85.58,114.1736301,22.29912996,"Momo, 41 Carnarvon Rd, Tsim Sha Tsui, Yau Tsim Mong, HKG",POI
"Cheung Hing Building, 110 Sai Wan Ho Street, Eastern District","Eastern District","Cheung Hing Building, 110 Sai Wan Ho Street","2020-02-09 00:00:00",38,"Cheung Hing Building, 110-110C Sai Wan Ho Street, Shau Kei Wan, Eastern",97.8,114.221921,22.28145182,"Cheung Hing Building, 110-110C Sai Wan Ho Street, Shau Kei Wan, Eastern, HKG",PointAddress
"Cheung Hing Building, 110 Sai Wan Ho Street, Eastern District","Eastern District","Cheung Hing Building, 110 Sai Wan Ho Street","2020-02-09 00:00:00",40,"Cheung Hing Building, 110-110C Sai Wan Ho Street, Shau Kei Wan, Eastern",97.8,114.221921,22.28145182,"Cheung Hing Building, 110-110C Sai Wan Ho Street, Shau Kei Wan, Eastern, HKG",PointAddress
"Cheung Hing Building, 110 Sai Wan Ho Street, Eastern District","Eastern District","Cheung Hing Building, 110 Sai Wan Ho Street","2020-02-09 00:00:00",39,"Cheung Hing Building, 110-110C Sai Wan Ho Street, Shau Kei Wan, Eastern",97.8,114.221921,22.28145182,"Cheung Hing Building, 110-110C Sai Wan Ho Street, Shau Kei Wan, Eastern, HKG",PointAddress
"Fu Yan Court, 23 Sai Wan Ho Street, Eastern",Eastern,"Fu Yan Court, 23 Sai Wan Ho Street","2020-02-09 00:00:00",57,"Fu Yan Court, 23 Sai Wan Ho Street, Shau Kei Wan, Eastern",100,114.2242703,22.27981642,"Fu Yan Court, 23 Sai Wan Ho Street, Shau Kei Wan, Eastern, HKG",PointAddress
"Fu Yan Court, 23 Sai Wan Ho Street, Eastern",Eastern,"Fu Yan Court, 23 Sai Wan Ho Street","2020-02-09 00:00:00",60,"Fu Yan Court, 23 Sai Wan Ho Street, Shau Kei Wan, Eastern",100,114.2242703,22.27981642,"Fu Yan Court, 23 Sai Wan Ho Street, Shau Kei Wan, Eastern, HKG",PointAddress
"Block 3, Island Resort, Eastern",Eastern,"Block 3, Island Resort","2020-02-10 00:00:00",43,"Block 3, Island Resort, 28 Siu Sai Wan Road, Siu Sai Wan, Eastern",100,114.2512416,22.2655661,"Block 3, Island Resort, 28 Siu Sai Wan Road, Siu Sai Wan, Eastern, HKG",PointAddress
"Tung Ping House, Lei Tung Estate, Southern",Southern,"Tung Ping House, Lei Tung Estate","2020-02-10 00:00:00",44,"Tung Ping House, Lei Tung Estate, 5 Lei Tung Estate Road, Ap Lei Chau, Southern",100,114.1574873,22.24176761,"Tung Ping House, Lei Tung Estate, 5 Lei Tung Estate Road, Ap Lei Chau, Southern, HKG",PointAddress
"Po Yan House, Po Lam Estate, Sai Kung","Sai Kung","Po Yan House, Po Lam Estate","2020-02-10 00:00:00",45,"Po Yan House, Po Lam Estate, 18 Po Lam Road North, Tseung Kwan O, Sai Kung",100,114.2528574,22.32593382,"Po Yan House, Po Lam Estate, 18 Po Lam Road North, Tseung Kwan O, Sai Kung, HKG",PointAddress
"Tin Chak House, Tin Wan Estate, Southern",Southern,"Tin Chak House, Tin Wan Estate","2020-02-10 00:00:00",46,"Tin Chak House, Tin Wan Estate, Tin Wan Street, Aberdeen, Southern",100,114.1509263,22.25240307,"Tin Chak House, Tin Wan Estate, Tin Wan Street, Aberdeen, Southern, HKG",PointAddress
"Leung Tin Village, Tuen Mun","Tuen Mun","Leung Tin Village","2020-02-10 00:00:00",47,"Leung Tin Village, Tuen Mun",100,113.9780474,22.39833922,"Leung Tin Village, Tuen Mun, HKG",Locality
"On Tao House, Cheung On Estate, Kwai Tsing","Kwai Tsing","On Tao House, Cheung On Estate","2020-02-10 00:00:00",50,"On Tao House, Cheung On Estate, Tsing King Road, Tsing Yi, Kwai Tsing",100,114.1021684,22.36082308,"On Tao House, Cheung On Estate, Tsing King Road, Tsing Yi, Kwai Tsing, HKG",PointAddress
"Block 3, Island Resort, Eastern District","Eastern District","Block 3, Island Resort","2020-02-10 00:00:00",43,"Block 3, Island Resort, 28 Siu Sai Wan Road, Siu Sai Wan, Eastern",90.3,114.2512416,22.2655661,"Block 3, Island Resort, 28 Siu Sai Wan Road, Siu Sai Wan, Eastern, HKG",PointAddress
"Domain, Kwun Tong","Kwun Tong",Domain,"2020-02-10 00:00:00",67,"Domain, 38 Ko Chiu Road, Yau Tong, Kwun Tong",100,114.2386028,22.29618578,"Domain, 38 Ko Chiu Road, Yau Tong, Kwun Tong, HKG",PointAddress
"Po Shan Mansion, Tai Koo Shing, Eastern",Eastern,"Po Shan Mansion, Tai Koo Shing","2020-02-10 00:00:00",60,"Po Shan Mansion, Taikoo Shing Kao Shan Terrace, 1 Taikoo Shing Road, Quarry Bay, Eastern",96.95,114.2194254,22.28528574,"Po Shan Mansion, Taikoo Shing Kao Shan Terrace, 1 Taikoo Shing Road, Quarry Bay, Eastern, HKG",PointAddress
"Kwan Chart Tower, Wan Chai","Wan Chai","Kwan Chart Tower","2020-02-10 00:00:00",30,"Kwan Chart Tower, 6 Tonnochy Road, Wan Chai",100,114.177983,22.27928287,"Kwan Chart Tower, 6 Tonnochy Road, Wan Chai, HKG",PointAddress
"Kwan Chart Tower, Wan Chai","Wan Chai","Kwan Chart Tower","2020-02-10 00:00:00",44,"Kwan Chart Tower, 6 Tonnochy Road, Wan Chai",100,114.177983,22.27928287,"Kwan Chart Tower, 6 Tonnochy Road, Wan Chai, HKG",PointAddress
"633 King's Road, North Point, Eastern",Eastern,"633 King's Road, North Point","2020-02-11 00:00:00",57,"633 King'S Road, North Point, Eastern",100,114.2069279,22.29217122,"633 King'S Road, North Point, Eastern, HKG",PointAddress
"633 King's Road, North Point, Eastern",Eastern,"633 King's Road, North Point","2020-02-11 00:00:00",59,"633 King'S Road, North Point, Eastern",100,114.2069279,22.29217122,"633 King'S Road, North Point, Eastern, HKG",PointAddress
"633 King's Road, Eastern",Eastern,"633 King's Road","2020-02-11 00:00:00",57,"633 King'S Road, North Point, Eastern",100,114.2069279,22.29217122,"633 King'S Road, North Point, Eastern, HKG",PointAddress
"633 King's Road, Eastern",Eastern,"633 King's Road","2020-02-11 00:00:00",59,"633 King'S Road, North Point, Eastern",100,114.2069279,22.29217122,"633 King'S Road, North Point, Eastern, HKG",PointAddress
"Mount Parker Lodge, 10 Hong Pak Path, Eastern",Eastern,"Mount Parker Lodge, 10 Hong Pak Path","2020-02-12 00:00:00",52,"Mount Parker Lodge, 10 Hong Pak Path, Quarry Bay, Eastern",100,114.2130648,22.28107405,"Mount Parker Lodge, 10 Hong Pak Path, Quarry Bay, Eastern, HKG",PointAddress
"Block D, Mount Parker Lodge, 10 Hong Pak Path, Eastern District","Eastern District","Block D, Mount Parker Lodge, 10 Hong Pak Path","2020-02-12 00:00:00",52,"Block D, Mount Parker Lodge, 10 Hong Pak Path, Quarry Bay, Eastern",98.4,114.2127431,22.28171534,"Block D, Mount Parker Lodge, 10 Hong Pak Path, Quarry Bay, Eastern, HKG",PointAddress
"Shek Yi House, Shek Lei II Estate, Kwai Tsing","Kwai Tsing","Shek Yi House, Shek Lei II Estate","2020-02-12 00:00:00",55,"Shek Yi House, Shek Lei Estate, Shek Pai Street, Kwai Chung, Kwai Tsing",84.07,114.1399348,22.36523741,"Shek Yi House, Shek Lei Estate, Shek Pai Street, Kwai Chung, Kwai Tsing, HKG",PointAddress
"Tze Tin Tsuen, Tuen Mun","Tuen Mun","Tze Tin Tsuen","2020-02-12 00:00:00",51,"Ho Tin Tsuen, Tuen Mun",79.23,113.9647474,22.3994372,"Ho Tin Tsuen, Tuen Mun, HKG",Locality
"Block D, Mount Parker Lodge, 10 Hong Pak Path, Eastern",Eastern,"Block D, Mount Parker Lodge, 10 Hong Pak Path","2020-02-12 00:00:00",52,"Block D, Mount Parker Lodge, 10 Hong Pak Path, Quarry Bay, Eastern",100,114.2127431,22.28171534,"Block D, Mount Parker Lodge, 10 Hong Pak Path, Quarry Bay, Eastern, HKG",PointAddress
"Heung Hoi Mansion, 28-32 O'Brien Road, Wan Chai","Wan Chai","Heung Hoi Mansion, 28-32 O'Brien Road","2020-02-12 00:00:00",52,"Heung Hoi Mansion, 28-32 O'Brien Road, Wan Chai",100,114.172933,22.27877849,"Heung Hoi Mansion, 28-32 O'Brien Road, Wan Chai, HKG",PointAddress
"Heung Hoi Mansion, 28-32 O'Brien Road, Wan Chai","Wan Chai","Heung Hoi Mansion, 28-32 O'Brien Road","2020-02-12 00:00:00",53,"Heung Hoi Mansion, 28-32 O'Brien Road, Wan Chai",100,114.172933,22.27877849,"Heung Hoi Mansion, 28-32 O'Brien Road, Wan Chai, HKG",PointAddress
"Tai Long Wan Village, Southern",Southern,"Tai Long Wan Village","2020-02-13 00:00:00",54,"Da Lang Wan Dao, Shi Ao, Southern",75.24,114.2464314,22.24101358,"Da Lang Wan Dao, Shi Ao, Southern, HKG",StreetName
"233 Wing Lok Street, Central & Western","Central & Western","233 Wing Lok Street","2020-02-13 00:00:00",56,"233 Wing Lok Street, Sheung Wan, Central & Western",100,114.1481915,22.28764571,"233 Wing Lok Street, Sheung Wan, Central & Western, HKG",PointAddress
"Lok Wah Shopping Centre, Lok Wah North Estate, Kwun Tong","Kwun Tong","Lok Wah Shopping Centre, Lok Wah North Estate","2020-02-13 00:00:00",62,"Lok Wah Shopping Centre, Lok Wah North Estate, Chun Wah Road, Ngau Tau Kok, Kwun Tong",100,114.2198355,22.32177221,"Lok Wah Shopping Centre, Lok Wah North Estate, Chun Wah Road, Ngau Tau Kok, Kwun Tong, HKG",PointAddress
"42 Yuk Wah Street, Tsz Wan Shan, Wong Tai Sin","Wong Tai Sin","42 Yuk Wah Street, Tsz Wan Shan","2020-02-13 00:00:00",59,"42 Yuk Wah St, Tsz Wan Shan, Wong Tai Sin",100,114.2013532,22.34718297,"42 Yuk Wah St, Tsz Wan Shan, Wong Tai Sin, HKG",StreetAddress
"Goldfield Mansion, Eastern",Eastern,"Goldfield Mansion","2020-02-13 00:00:00",74,"Goldfield Mansion, 62-68 Java Road, North Point, Eastern",100,114.1982188,22.29175058,"Goldfield Mansion, 62-68 Java Road, North Point, Eastern, HKG",PointAddress
"Kai Tin Shopping Centre, Kwun Tong","Kwun Tong","Kai Tin Shopping Centre","2020-02-13 00:00:00",72,"Kai Tin Shopping Centre, Kai Tin Estate, 50 Kai Tin Road, Lam Tin, Kwun Tong",100,114.234845,22.30868864,"Kai Tin Shopping Centre, Kai Tin Estate, 50 Kai Tin Road, Lam Tin, Kwun Tong, HKG",PointAddress
"Workingberg Commercial Building, Marble Road, Eastern",Eastern,"Workingberg Commercial Building, Marble Road","2020-02-13 00:00:00",85,"Workingberg Commercial Building, 41-47 Marble Road, North Point, Eastern",100,114.2012036,22.29213103,"Workingberg Commercial Building, 41-47 Marble Road, North Point, Eastern, HKG",PointAddress
"5 Sam Shing Street, Tuen Mun","Tuen Mun","5 Sam Shing Street","2020-02-14 00:00:00",63,"5 Sam Shing Street, Tuen Mun",100,113.9789152,22.3801126,"5 Sam Shing Street, Tuen Mun, HKG",PointAddress
"Hiu Lai Court Shopping Centre, Kwun Tong","Kwun Tong","Hiu Lai Court Shopping Centre","2020-02-14 00:00:00",67,APM,85.69,114.22564,22.31246,"APM, Kwun Tong Rd, Kwun Tong, HKG",POI
"The Hong Kong Jockey Club Happy Valley Clubhouse, Wan Chai","Wan Chai","The Hong Kong Jockey Club Happy Valley Clubhouse","2020-02-14 00:00:00",85,"The Hong Kong Jockey Club Happy Valley Clubhouse",100,114.1864,22.26560992,"The Hong Kong Jockey Club Happy Valley Clubhouse, Hawthorn Rd, Happy Valley, Wan Chai, HKG",POI
"Block D, Mount Parker Lodge, 10 Hong Pak Path, Eastern",Eastern,"Block D, Mount Parker Lodge, 10 Hong Pak Path","2020-02-14 00:00:00",52,"Block D, Mount Parker Lodge, 10 Hong Pak Path, Quarry Bay, Eastern",100,114.2127431,22.28171534,"Block D, Mount Parker Lodge, 10 Hong Pak Path, Quarry Bay, Eastern, HKG",PointAddress
"Block D, Mount Parker Lodge, 10 Hong Pak Path, Eastern",Eastern,"Block D, Mount Parker Lodge, 10 Hong Pak Path","2020-02-14 00:00:00",61,"Block D, Mount Parker Lodge, 10 Hong Pak Path, Quarry Bay, Eastern",100,114.2127431,22.28171534,"Block D, Mount Parker Lodge, 10 Hong Pak Path, Quarry Bay, Eastern, HKG",PointAddress
"Yuan Kung Mansion, Tai Koo Shing, Eastern",Eastern,"Yuan Kung Mansion, Tai Koo Shing","2020-02-15 00:00:00",57,"Yuan Kung Mansion",100,114.2165399,22.28643003,"Yuan Kung Mansion, Tai Mou Ave, Tai Koo, Eastern, HKG",POI
"Ming Kung Mansion, Taikoo Shing, 22 Taikoo Shing Road, Eastern",Eastern,"Ming Kung Mansion, Taikoo Shing, 22 Taikoo Shing Road","2020-02-15 00:00:00",57,"Ming Kung Mansion",98,114.21576,22.28622,"Ming Kung Mansion, 22 Taikoo Shing Rd, Tai Koo, Eastern, HKG",POI
"Cheung Sha Wan Jockey Club Clinic, Sham Shui Po","Sham Shui Po","Cheung Sha Wan Jockey Club Clinic","2020-02-15 00:00:00",58,"Cheung Sha Wan Jockey Club Clinic, 2 Kwong Lee Road, Cheung Sha Wan, Sham Shui Po",100,114.1585162,22.34056838,"Cheung Sha Wan Jockey Club Clinic, 2 Kwong Lee Road, Cheung Sha Wan, Sham Shui Po, HKG",PointAddress
"Block 1, Seaview Garden, Tuen Mun","Tuen Mun","Block 1, Seaview Garden","2020-02-15 00:00:00",63,"Block 1, Seaview Garden, 1 Tsing Yung Street, Tuen Mun",100,113.983758,22.3785754,"Block 1, Seaview Garden, 1 Tsing Yung Street, Tuen Mun, HKG",PointAddress
"Yee Ching House Yee Ming Estate, Sai Kung","Sai Kung","Yee Ching House Yee Ming Estate","2020-02-16 00:00:00",58,"Yee Ching House, Yee Ming Estate, Tseung Kwan O, Sai Kung",100,114.2631743,22.3070812,"Yee Ching House, Yee Ming Estate, Tseung Kwan O, Sai Kung, HKG",PointAddress
"298D Un Chau Street, Sham Shui Po","Sham Shui Po","298D Un Chau Street","2020-02-16 00:00:00",58,"298D Un Chau St, Sham Shui Po",100,114.1586942,22.3359129,"298D Un Chau St, Sham Shui Po, HKG",StreetAddress
"Oi Wah House, Tsz Oi Court, Tsz Wan Shan, Wong Tai Sin","Wong Tai Sin","Oi Wah House, Tsz Oi Court, Tsz Wan Shan","2020-02-16 00:00:00",59,"Oi Wah House, Tsz Oi Court, 2 Wan Wah Street, Tze Wan Shan, Wong Tai Sin",94.63,114.1990469,22.35187854,"Oi Wah House, Tsz Oi Court, 2 Wan Wah Street, Tze Wan Shan, Wong Tai Sin, HKG",PointAddress
"35-45, Johnston Road, Wan Chai","Wan Chai","35-45, Johnston Road","2020-02-16 00:00:00",85,"35-45 Johnston Road, Wan Chai",100,114.170922,22.27693125,"35-45 Johnston Road, Wan Chai, HKG",PointAddress
"35-45 Johnston Road, Wan Chai","Wan Chai","35-45 Johnston Road","2020-02-16 00:00:00",85,"35-45 Johnston Road, Wan Chai",100,114.170922,22.27693125,"35-45 Johnston Road, Wan Chai, HKG",PointAddress
"Ming Kung Mansion, Taikoo Shing, 22 Taikoo Shing Road, Eastern",Eastern,"Ming Kung Mansion, Taikoo Shing, 22 Taikoo Shing Road","2020-02-16 00:00:00",57,"Ming Kung Mansion",98,114.21576,22.28622,"Ming Kung Mansion, 22 Taikoo Shing Rd, Tai Koo, Eastern, HKG",POI
"Ming Kung Mansion, Taikoo Shing, 22 Taikoo Shing Road, Eastern",Eastern,"Ming Kung Mansion, Taikoo Shing, 22 Taikoo Shing Road","2020-02-16 00:00:00",60,"Ming Kung Mansion",98,114.21576,22.28622,"Ming Kung Mansion, 22 Taikoo Shing Rd, Tai Koo, Eastern, HKG",POI
"Maylun Apartments, 1-25 Shu Kuk Street, Eastern",Eastern,"Maylun Apartments, 1-25 Shu Kuk Street","2020-02-16 00:00:00",65,"Maylun Apartments, 1-25 Shu Kuk Street, North Point, Eastern",100,114.2001819,22.2908196,"Maylun Apartments, 1-25 Shu Kuk Street, North Point, Eastern, HKG",PointAddress
"Maylun Apartments, 1-25 Shu Kuk Street, Eastern",Eastern,"Maylun Apartments, 1-25 Shu Kuk Street","2020-02-16 00:00:00",70,"Maylun Apartments, 1-25 Shu Kuk Street, North Point, Eastern",100,114.2001819,22.2908196,"Maylun Apartments, 1-25 Shu Kuk Street, North Point, Eastern, HKG",PointAddress
"Maylun Apartments, 1-25 Shu Kuk Street, Eastern",Eastern,"Maylun Apartments, 1-25 Shu Kuk Street","2020-02-16 00:00:00",73,"Maylun Apartments, 1-25 Shu Kuk Street, North Point, Eastern",100,114.2001819,22.2908196,"Maylun Apartments, 1-25 Shu Kuk Street, North Point, Eastern, HKG",PointAddress
"Maylun Apartments, 1-25 Shu Kuk Street, Eastern",Eastern,"Maylun Apartments, 1-25 Shu Kuk Street","2020-02-16 00:00:00",74,"Maylun Apartments, 1-25 Shu Kuk Street, North Point, Eastern",100,114.2001819,22.2908196,"Maylun Apartments, 1-25 Shu Kuk Street, North Point, Eastern, HKG",PointAddress
"Maylun Apartments, 1-25 Shu Kuk Street, Eastern",Eastern,"Maylun Apartments, 1-25 Shu Kuk Street","2020-02-16 00:00:00",77,"Maylun Apartments, 1-25 Shu Kuk Street, North Point, Eastern",100,114.2001819,22.2908196,"Maylun Apartments, 1-25 Shu Kuk Street, North Point, Eastern, HKG",PointAddress
"Maylun Apartments, 1-25 Shu Kuk Street, Eastern",Eastern,"Maylun Apartments, 1-25 Shu Kuk Street","2020-02-16 00:00:00",76,"Maylun Apartments, 1-25 Shu Kuk Street, North Point, Eastern",100,114.2001819,22.2908196,"Maylun Apartments, 1-25 Shu Kuk Street, North Point, Eastern, HKG",PointAddress
"Maylun Apartments, 1-25 Shu Kuk Street, Eastern",Eastern,"Maylun Apartments, 1-25 Shu Kuk Street","2020-02-16 00:00:00",83,"Maylun Apartments, 1-25 Shu Kuk Street, North Point, Eastern",100,114.2001819,22.2908196,"Maylun Apartments, 1-25 Shu Kuk Street, North Point, Eastern, HKG",PointAddress
"Cambridge Building, 25-41 Hong Ning Road, Kwun Tong","Kwun Tong","Cambridge Building, 25-41 Hong Ning Road","2020-02-17 00:00:00",62,"Cambridge Building, 25-41 Hong Ning Road, Kwun Tong",100,114.2234139,22.31486933,"Cambridge Building, 25-41 Hong Ning Road, Kwun Tong, HKG",PointAddress
"Fortune Plaza Arcade, 4 On Chee Road, Tai Po","Tai Po","Fortune Plaza Arcade, 4 On Chee Road","2020-02-17 00:00:00",68,"Fortune Plaza, 4 On Chee Road, Tai Po, Sha Tin",98.24,114.1676638,22.45262034,"Fortune Plaza, 4 On Chee Road, Tai Po, Sha Tin, HKG",PointAddress
"World Trade Centre, Wan Chai","Wan Chai","World Trade Centre","2020-02-17 00:00:00",85,"World Trade Centre, 280 Gloucester Road, Causeway Bay, Wan Chai",100,114.184078,22.28171241,"World Trade Centre, 280 Gloucester Road, Causeway Bay, Wan Chai, HKG",PointAddress
"271-285 Des Voeux Road West, Central & Western","Central & Western","271-285 Des Voeux Road West","2020-02-18 00:00:00",69,"285 Des Voeux Rd W, Sai Wan, Central & Western",99.17,114.1407407,22.28807868,"285 Des Voeux Rd W, Sai Wan, Central & Western, HKG",StreetAddress
"310 Gloucester Road, Wan Chai","Wan Chai","310 Gloucester Road","2020-02-18 00:00:00",85,"310 Gloucester Road, Causeway Bay, Wan Chai",100,114.1862916,22.2811662,"310 Gloucester Road, Causeway Bay, Wan Chai, HKG",PointAddress
"Sui Moon House, Siu Sai Wan Estate, Eastern",Eastern,"Sui Moon House, Siu Sai Wan Estate","2020-02-18 00:00:00",65,"Sui Moon House, Siu Sai Wan Estate, 10 Siu Sai Wan Road, Siu Sai Wan, Eastern",100,114.2491596,22.26229552,"Sui Moon House, Siu Sai Wan Estate, 10 Siu Sai Wan Road, Siu Sai Wan, Eastern, HKG",PointAddress
"Sui Moon House, Siu Sai Wan Estate, Eastern",Eastern,"Sui Moon House, Siu Sai Wan Estate","2020-02-18 00:00:00",64,"Sui Moon House, Siu Sai Wan Estate, 10 Siu Sai Wan Road, Siu Sai Wan, Eastern",100,114.2491596,22.26229552,"Sui Moon House, Siu Sai Wan Estate, 10 Siu Sai Wan Road, Siu Sai Wan, Eastern, HKG",PointAddress
"Coronet Court, 1-9a North Point Road, Eastern",Eastern,"Coronet Court, 1-9a North Point Road","2020-02-18 00:00:00",65,"Coronet Court, 1-9A North Point Road, North Point, Eastern",100,114.196475,22.29068017,"Coronet Court, 1-9A North Point Road, North Point, Eastern, HKG",PointAddress
"Coronet Court, 1-9a North Point Road, Eastern",Eastern,"Coronet Court, 1-9a North Point Road","2020-02-18 00:00:00",64,"Coronet Court, 1-9A North Point Road, North Point, Eastern",100,114.196475,22.29068017,"Coronet Court, 1-9A North Point Road, North Point, Eastern, HKG",PointAddress
"Coronet Court, 1-9A North Point Road, Eastern",Eastern,"Coronet Court, 1-9A North Point Road","2020-02-18 00:00:00",64,"Coronet Court, 1-9A North Point Road, North Point, Eastern",100,114.196475,22.29068017,"Coronet Court, 1-9A North Point Road, North Point, Eastern, HKG",PointAddress
"Coronet Court, 1-9A North Point Road, Eastern",Eastern,"Coronet Court, 1-9A North Point Road","2020-02-18 00:00:00",65,"Coronet Court, 1-9A North Point Road, North Point, Eastern",100,114.196475,22.29068017,"Coronet Court, 1-9A North Point Road, North Point, Eastern, HKG",PointAddress
"Block 1, Seaview Garden, Tuen Mun","Tuen Mun","Block 1, Seaview Garden","2020-02-18 00:00:00",63,"Block 1, Seaview Garden, 1 Tsing Yung Street, Tuen Mun",100,113.983758,22.3785754,"Block 1, Seaview Garden, 1 Tsing Yung Street, Tuen Mun, HKG",PointAddress
"Block 1, Seaview Garden, Tuen Mun","Tuen Mun","Block 1, Seaview Garden","2020-02-18 00:00:00",66,"Block 1, Seaview Garden, 1 Tsing Yung Street, Tuen Mun",100,113.983758,22.3785754,"Block 1, Seaview Garden, 1 Tsing Yung Street, Tuen Mun, HKG",PointAddress
"5 Sam Shing Street, Tuen Mun","Tuen Mun","5 Sam Shing Street","2020-02-18 00:00:00",63,"5 Sam Shing Street, Tuen Mun",100,113.9789152,22.3801126,"5 Sam Shing Street, Tuen Mun, HKG",PointAddress
"5 Sam Shing Street, Tuen Mun","Tuen Mun","5 Sam Shing Street","2020-02-18 00:00:00",66,"5 Sam Shing Street, Tuen Mun",100,113.9789152,22.3801126,"5 Sam Shing Street, Tuen Mun, HKG",PointAddress
"Hiu Fai House, Hiu Lai Court, Kwun Tong","Kwun Tong","Hiu Fai House, Hiu Lai Court","2020-02-19 00:00:00",67,"Hiu Fai House, Hiu Lai Court, 21 Hiu Kwong Street, Sau Mau Ping, Kwun Tong",100,114.2288908,22.32047641,"Hiu Fai House, Hiu Lai Court, 21 Hiu Kwong Street, Sau Mau Ping, Kwun Tong, HKG",PointAddress
"Shek Wu Wai, San Tin, Yuen Long","Yuen Long","Shek Wu Wai, San Tin","2020-02-19 00:00:00",68,"Shek Wu Wai, San Tin, Yuen Long",100,114.0727504,22.49241553,"Shek Wu Wai, San Tin, Yuen Long, HKG",StreetName
"Kwun Tong Community Health Centre, Kwun Tong","Kwun Tong","Kwun Tong Community Health Centre","2020-02-19 00:00:00",69,"Kwun Tong Community Health Centre Building, 60 Hip Wo Street, Kwun Tong",96.91,114.2260456,22.31483719,"Kwun Tong Community Health Centre Building, 60 Hip Wo Street, Kwun Tong, HKG",PointAddress
"Man Mo Temple, Central & Western","Central & Western","Man Mo Temple","2020-02-19 00:00:00",85,"Man Mo Temple, 124-126 Hollywood Road, Mid Level, Central & Western",100,114.1501763,22.2838832,"Man Mo Temple, 124-126 Hollywood Road, Mid Level, Central & Western, HKG",PointAddress
"Hang Wai Commercial Building, Wan Chai","Wan Chai","Hang Wai Commercial Building","2020-02-19 00:00:00",85,"Hang Wai Commercial Building, 231-233 Queen'S Road East, Wan Chai",100,114.1735527,22.27424284,"Hang Wai Commercial Building, 231-233 Queen'S Road East, Wan Chai, HKG",PointAddress
"Cheong Yuen Building, Eastern",Eastern,"Cheong Yuen Building","2020-02-19 00:00:00",74,"Cheong Yuen Building, 2-8A Tsat Tsz Mui Road, North Point, Eastern",100,114.2007134,22.29046886,"Cheong Yuen Building, 2-8A Tsat Tsz Mui Road, North Point, Eastern, HKG",PointAddress
"Yardley Commercial Building, Central & Western","Central & Western","Yardley Commercial Building","2020-02-19 00:00:00",85,"Yardley Commercial Building, 3 Connaught Road West, Sheung Wan, Central & Western",100,114.1500895,22.28746055,"Yardley Commercial Building, 3 Connaught Road West, Sheung Wan, Central & Western, HKG",PointAddress
"Yardley Commercial Building B23, Central & Western","Central & Western","Yardley Commercial Building B23","2020-02-19 00:00:00",85,"Yardley Commercial Building, 3 Connaught Road West, Sheung Wan, Central & Western",97.14,114.1500895,22.28746055,"Yardley Commercial Building, 3 Connaught Road West, Sheung Wan, Central & Western, HKG",PointAddress
"Yun Mei House, Yau Mei Court, Kwun Tong","Kwun Tong","Yun Mei House, Yau Mei Court","2020-02-20 00:00:00",69,"Yun Mei House, Yau Mei Court, 80 Lei Yue Mun Road, Yau Tong, Kwun Tong",100,114.2387425,22.29841968,"Yun Mei House, Yau Mei Court, 80 Lei Yue Mun Road, Yau Tong, Kwun Tong, HKG",PointAddress
"Kwong Tin Shopping Centre, Kwun Tong","Kwun Tong","Kwong Tin Shopping Centre","2020-02-20 00:00:00",72,"Kwong Tin Shopping Centre, Pik Wan Road, Lam Tin, Kwun Tong",100,114.2395919,22.30287479,"Kwong Tin Shopping Centre, Pik Wan Road, Lam Tin, Kwun Tong, HKG",PointAddress
"Mong Kok East station, Yau Tsim Mong","Yau Tsim Mong","Mong Kok East station","2020-02-20 00:00:00",82,"Mong Kok East Station, Mong Kok, Yau Tsim Mong",100,114.1723151,22.32229004,"Mong Kok East Station, Mong Kok, Yau Tsim Mong, HKG",StreetName
"Fly Dragon Terrace, 26-32 Tin Hau Temple Road, Wan Chai","Wan Chai","Fly Dragon Terrace, 26-32 Tin Hau Temple Road","2020-02-22 00:00:00",70,"Fly Dragon Terrace, 26-32 Tin Hau Temple Road, Mid Level North Point, Eastern",97.81,114.1935664,22.28359834,"Fly Dragon Terrace, 26-32 Tin Hau Temple Road, Mid Level North Point, Eastern, HKG",PointAddress
"Maylun Apartments, 1-25 Shu Kuk Street, Eastern",Eastern,"Maylun Apartments, 1-25 Shu Kuk Street","2020-02-22 00:00:00",74,"Maylun Apartments, 1-25 Shu Kuk Street, North Point, Eastern",100,114.2001819,22.2908196,"Maylun Apartments, 1-25 Shu Kuk Street, North Point, Eastern, HKG",PointAddress
"Block 3, Grand Yoho, Yuen Long","Yuen Long","Block 3, Grand Yoho","2020-02-22 00:00:00",75,"Block 3, Grand Del Sol, 100 Fung Cheung Road, Yuen Long",79.09,114.0338484,22.43993865,"Block 3, Grand Del Sol, 100 Fung Cheung Road, Yuen Long, HKG",PointAddress
"Choi Tin House, Hing Tin Estate, Kwun Tong","Kwun Tong","Choi Tin House, Hing Tin Estate","2020-02-22 00:00:00",72,"Choi Tin House, Hing Tin Estate, 8 Lin Tak Road, Lam Tin, Kwun Tong",100,114.2393317,22.31323851,"Choi Tin House, Hing Tin Estate, 8 Lin Tak Road, Lam Tin, Kwun Tong, HKG",PointAddress
"Chin Hing House, Hing Wah II Estate, Eastern",Eastern,"Chin Hing House, Hing Wah II Estate","2020-02-22 00:00:00",73,"Chin Hing House, Hing Wah Estate 2, Chai Wan Road, Chai Wan, Eastern",96.18,114.2330438,22.26226749,"Chin Hing House, Hing Wah Estate 2, Chai Wan Road, Chai Wan, Eastern, HKG",PointAddress
"Sceneway Plaza, Kwun Tong","Kwun Tong","Sceneway Plaza","2020-02-22 00:00:00",82,"Sceneway Plaza, Sceneway Road, Cha Kwo Ling, Kwun Tong",100,114.2334321,22.30720102,"Sceneway Plaza, Sceneway Road, Cha Kwo Ling, Kwun Tong, HKG",PointAddress
"JW Marriott Hotel, Central & Western","Central & Western","JW Marriott Hotel","2020-02-22 00:00:00",85,"Jw Marriott Hotel, 88 Queensway, Admiralty, Central & Western",100,114.1661398,22.27757104,"Jw Marriott Hotel, 88 Queensway, Admiralty, Central & Western, HKG",PointAddress
"Ming Yuen Centre, Eastern",Eastern,"Ming Yuen Centre","2020-02-22 00:00:00",83,"Ming Yuen Centre, 4A-6C Ming Yuen Western Street, North Point, Eastern",100,114.1986677,22.29044468,"Ming Yuen Centre, 4A-6C Ming Yuen Western Street, North Point, Eastern, HKG",PointAddress
"Block B, Healthy Gardens, Eastern",Eastern,"Block B, Healthy Gardens","2020-02-22 00:00:00",86,"Block B, Healthy Gardens, 560 King'S Road, North Point, Eastern",100,114.203913,22.29167175,"Block B, Healthy Gardens, 560 King'S Road, North Point, Eastern, HKG",PointAddress
"Tower 1, Fleur Pavilia, Eastern",Eastern,"Tower 1, Fleur Pavilia","2020-02-22 00:00:00",85,"1 Power St, North Point, Eastern",68.9,114.1940164,22.28981328,"1 Power St, North Point, Eastern, HKG",StreetAddress
"Jolly Villa, Wan Chai","Wan Chai","Jolly Villa","2020-02-22 00:00:00",85,"Jolly Villa, 8 Tai Hang Road, Tai Hang, Wan Chai",100,114.192318,22.27732624,"Jolly Villa, 8 Tai Hang Road, Tai Hang, Wan Chai, HKG",PointAddress
"Chun Yeung Street Market, Eastern",Eastern,"Chun Yeung Street Market","2020-02-22 00:00:00",86,"A Star Asia Markets",100,114.19783,22.29126994,"A Star Asia Markets, Chun Yeung St, North Point, Eastern, HKG",POI
"6 Cheong Ming Street, Wan Chai","Wan Chai","6 Cheong Ming Street","2020-02-22 00:00:00",85,"6 Cheong Ming St, Happy Valley, Wan Chai",100,114.1868388,22.26862875,"6 Cheong Ming St, Happy Valley, Wan Chai, HKG",StreetAddress
"Maylun Apartments, 1-25 Shu Kuk Street, Eastern",Eastern,"Maylun Apartments, 1-25 Shu Kuk Street","2020-02-22 00:00:00",65,"Maylun Apartments, 1-25 Shu Kuk Street, North Point, Eastern",100,114.2001819,22.2908196,"Maylun Apartments, 1-25 Shu Kuk Street, North Point, Eastern, HKG",PointAddress
"Maylun Apartments, 1-25 Shu Kuk Street, Eastern",Eastern,"Maylun Apartments, 1-25 Shu Kuk Street","2020-02-22 00:00:00",70,"Maylun Apartments, 1-25 Shu Kuk Street, North Point, Eastern",100,114.2001819,22.2908196,"Maylun Apartments, 1-25 Shu Kuk Street, North Point, Eastern, HKG",PointAddress
"Maylun Apartments, 1-25 Shu Kuk Street, Eastern",Eastern,"Maylun Apartments, 1-25 Shu Kuk Street","2020-02-22 00:00:00",73,"Maylun Apartments, 1-25 Shu Kuk Street, North Point, Eastern",100,114.2001819,22.2908196,"Maylun Apartments, 1-25 Shu Kuk Street, North Point, Eastern, HKG",PointAddress
"Maylun Apartments, 1-25 Shu Kuk Street, Eastern",Eastern,"Maylun Apartments, 1-25 Shu Kuk Street","2020-02-22 00:00:00",76,"Maylun Apartments, 1-25 Shu Kuk Street, North Point, Eastern",100,114.2001819,22.2908196,"Maylun Apartments, 1-25 Shu Kuk Street, North Point, Eastern, HKG",PointAddress
"Maylun Apartments, 1-25 Shu Kuk Street, Eastern",Eastern,"Maylun Apartments, 1-25 Shu Kuk Street","2020-02-22 00:00:00",77,"Maylun Apartments, 1-25 Shu Kuk Street, North Point, Eastern",100,114.2001819,22.2908196,"Maylun Apartments, 1-25 Shu Kuk Street, North Point, Eastern, HKG",PointAddress
"Maylun Apartments, 1-25 Shu Kuk Street, Eastern",Eastern,"Maylun Apartments, 1-25 Shu Kuk Street","2020-02-22 00:00:00",83,"Maylun Apartments, 1-25 Shu Kuk Street, North Point, Eastern",100,114.2001819,22.2908196,"Maylun Apartments, 1-25 Shu Kuk Street, North Point, Eastern, HKG",PointAddress
"Maylun Apartments, 1-25 Shu Kuk Street, Eastern",Eastern,"Maylun Apartments, 1-25 Shu Kuk Street","2020-02-22 00:00:00",86,"Maylun Apartments, 1-25 Shu Kuk Street, North Point, Eastern",100,114.2001819,22.2908196,"Maylun Apartments, 1-25 Shu Kuk Street, North Point, Eastern, HKG",PointAddress
"Maylun Apartments, 1-25 Shu Kuk Street, Eastern",Eastern,"Maylun Apartments, 1-25 Shu Kuk Street","2020-02-22 00:00:00",92,"Maylun Apartments, 1-25 Shu Kuk Street, North Point, Eastern",100,114.2001819,22.2908196,"Maylun Apartments, 1-25 Shu Kuk Street, North Point, Eastern, HKG",PointAddress
"Maylun Apartments, 1-25 Shu Kuk Street, Eastern",Eastern,"Maylun Apartments, 1-25 Shu Kuk Street","2020-02-22 00:00:00",93,"Maylun Apartments, 1-25 Shu Kuk Street, North Point, Eastern",100,114.2001819,22.2908196,"Maylun Apartments, 1-25 Shu Kuk Street, North Point, Eastern, HKG",PointAddress
"Maylun Apartments, 1-25 Shu Kuk Street, Eastern",Eastern,"Maylun Apartments, 1-25 Shu Kuk Street","2020-02-22 00:00:00",98,"Maylun Apartments, 1-25 Shu Kuk Street, North Point, Eastern",100,114.2001819,22.2908196,"Maylun Apartments, 1-25 Shu Kuk Street, North Point, Eastern, HKG",PointAddress
"JW Marriott Hotel, Central & Western","Central & Western","JW Marriott Hotel","2020-02-22 00:00:00",101,"Jw Marriott Hotel, 88 Queensway, Admiralty, Central & Western",100,114.1661398,22.27757104,"Jw Marriott Hotel, 88 Queensway, Admiralty, Central & Western, HKG",PointAddress
"Tower 1, Fleur Pavilia, Eastern",Eastern,"Tower 1, Fleur Pavilia","2020-02-22 00:00:00",101,"1 Power St, North Point, Eastern",68.9,114.1940164,22.28981328,"1 Power St, North Point, Eastern, HKG",StreetAddress
"Tower 1, Fleur Pavilia, Eastern",Eastern,"Tower 1, Fleur Pavilia","2020-02-22 00:00:00",104,"1 Power St, North Point, Eastern",68.9,114.1940164,22.28981328,"1 Power St, North Point, Eastern, HKG",StreetAddress
"JW Marriott Hotel, Central & Western","Central & Western","JW Marriott Hotel","2020-02-22 00:00:00",104,"Jw Marriott Hotel, 88 Queensway, Admiralty, Central & Western",100,114.1661398,22.27757104,"Jw Marriott Hotel, 88 Queensway, Admiralty, Central & Western, HKG",PointAddress
"Maylun Apartments, 1-25 Shu Kuk Street, Eastern",Eastern,"Maylun Apartments, 1-25 Shu Kuk Street","2020-02-22 00:00:00",102,"Maylun Apartments, 1-25 Shu Kuk Street, North Point, Eastern",100,114.2001819,22.2908196,"Maylun Apartments, 1-25 Shu Kuk Street, North Point, Eastern, HKG",PointAddress
"The Hong Kong Jockey Club Happy Valley Clubhouse, Wan Chai","Wan Chai","The Hong Kong Jockey Club Happy Valley Clubhouse","2020-02-22 00:00:00",101,"The Hong Kong Jockey Club Happy Valley Clubhouse",100,114.1864,22.26560992,"The Hong Kong Jockey Club Happy Valley Clubhouse, Hawthorn Rd, Happy Valley, Wan Chai, HKG",POI
"The Hong Kong Jockey Club Happy Valley Clubhouse, Wan Chai","Wan Chai","The Hong Kong Jockey Club Happy Valley Clubhouse","2020-02-22 00:00:00",85,"The Hong Kong Jockey Club Happy Valley Clubhouse",100,114.1864,22.26560992,"The Hong Kong Jockey Club Happy Valley Clubhouse, Hawthorn Rd, Happy Valley, Wan Chai, HKG",POI
"The Hong Kong Jockey Club Happy Valley Clubhouse, Wan Chai","Wan Chai","The Hong Kong Jockey Club Happy Valley Clubhouse","2020-02-22 00:00:00",104,"The Hong Kong Jockey Club Happy Valley Clubhouse",100,114.1864,22.26560992,"The Hong Kong Jockey Club Happy Valley Clubhouse, Hawthorn Rd, Happy Valley, Wan Chai, HKG",POI
"Majestic Apartments, Eastern",Eastern,"Majestic Apartments","2020-02-23 00:00:00",77,"Majestic Apartments, 301-319 King'S Road, North Point, Eastern",100,114.1961145,22.29053692,"Majestic Apartments, 301-319 King'S Road, North Point, Eastern, HKG",PointAddress
"Phase 1, The Redhill Peninsula, Southern",Southern,"Phase 1, The Redhill Peninsula","2020-02-23 00:00:00",76,"The Red Hill Peninsula Phase 2, Southern",84.67,114.2282785,22.23300724,"The Red Hill Peninsula Phase 2, Southern, HKG",Locality
"2 Village Road, Wan Chai","Wan Chai","2 Village Road","2020-02-23 00:00:00",76,"2 Village Rd, Happy Valley, Wan Chai",98.9,114.1834271,22.26779652,"2 Village Rd, Happy Valley, Wan Chai, HKG",StreetAddressExt
"23-27 Sok Kwu Wan First Street, Island",Island,"23-27 Sok Kwu Wan First Street","2020-02-23 00:00:00",85,"27 Sok Kwu Wan First St, Lamma Island, Islands",95.45,114.1307712,22.20433728,"27 Sok Kwu Wan First St, Lamma Island, Islands, HKG",StreetAddress
"Bauhinia Garden, Sai Kung","Sai Kung","Bauhinia Garden","2020-02-23 00:00:00",92,"Bauhinia Gdn, Tseung Kwan O, Sai Kung",100,114.2619711,22.30690565,"Bauhinia Gdn, Tseung Kwan O, Sai Kung, HKG",StreetName
"Royal Hong Kong Yacht Club, Wan Chai","Wan Chai","Royal Hong Kong Yacht Club","2020-02-23 00:00:00",85,"Royal Hong Kong Yacht Club",87.93,114.26811,22.36973,"Royal Hong Kong Yacht Club, Che Keng Tuk Rd, Sai Kung, HKG",POI
"The Hong Kong Jockey Club Happy Valley Clubhouse, Wan Chai","Wan Chai","The Hong Kong Jockey Club Happy Valley Clubhouse","2020-02-23 00:00:00",85,"The Hong Kong Jockey Club Happy Valley Clubhouse",100,114.1864,22.26560992,"The Hong Kong Jockey Club Happy Valley Clubhouse, Hawthorn Rd, Happy Valley, Wan Chai, HKG",POI
"The Hong Kong Jockey Club Happy Valley Clubhouse, Wan Chai","Wan Chai","The Hong Kong Jockey Club Happy Valley Clubhouse","2020-02-23 00:00:00",101,"The Hong Kong Jockey Club Happy Valley Clubhouse",100,114.1864,22.26560992,"The Hong Kong Jockey Club Happy Valley Clubhouse, Hawthorn Rd, Happy Valley, Wan Chai, HKG",POI
"The Hong Kong Jockey Club Happy Valley Clubhouse, Wan Chai","Wan Chai","The Hong Kong Jockey Club Happy Valley Clubhouse","2020-02-23 00:00:00",104,"The Hong Kong Jockey Club Happy Valley Clubhouse",100,114.1864,22.26560992,"The Hong Kong Jockey Club Happy Valley Clubhouse, Hawthorn Rd, Happy Valley, Wan Chai, HKG",POI
"Maylun Apartments, 1-25 Shu Kuk Street, Eastern",Eastern,"Maylun Apartments, 1-25 Shu Kuk Street","2020-02-23 00:00:00",65,"Maylun Apartments, 1-25 Shu Kuk Street, North Point, Eastern",100,114.2001819,22.2908196,"Maylun Apartments, 1-25 Shu Kuk Street, North Point, Eastern, HKG",PointAddress
"Maylun Apartments, 1-25 Shu Kuk Street, Eastern",Eastern,"Maylun Apartments, 1-25 Shu Kuk Street","2020-02-23 00:00:00",70,"Maylun Apartments, 1-25 Shu Kuk Street, North Point, Eastern",100,114.2001819,22.2908196,"Maylun Apartments, 1-25 Shu Kuk Street, North Point, Eastern, HKG",PointAddress
"Maylun Apartments, 1-25 Shu Kuk Street, Eastern",Eastern,"Maylun Apartments, 1-25 Shu Kuk Street","2020-02-23 00:00:00",73,"Maylun Apartments, 1-25 Shu Kuk Street, North Point, Eastern",100,114.2001819,22.2908196,"Maylun Apartments, 1-25 Shu Kuk Street, North Point, Eastern, HKG",PointAddress
"Maylun Apartments, 1-25 Shu Kuk Street, Eastern",Eastern,"Maylun Apartments, 1-25 Shu Kuk Street","2020-02-23 00:00:00",74,"Maylun Apartments, 1-25 Shu Kuk Street, North Point, Eastern",100,114.2001819,22.2908196,"Maylun Apartments, 1-25 Shu Kuk Street, North Point, Eastern, HKG",PointAddress
"Maylun Apartments, 1-25 Shu Kuk Street, Eastern",Eastern,"Maylun Apartments, 1-25 Shu Kuk Street","2020-02-23 00:00:00",76,"Maylun Apartments, 1-25 Shu Kuk Street, North Point, Eastern",100,114.2001819,22.2908196,"Maylun Apartments, 1-25 Shu Kuk Street, North Point, Eastern, HKG",PointAddress
"Maylun Apartments, 1-25 Shu Kuk Street, Eastern",Eastern,"Maylun Apartments, 1-25 Shu Kuk Street","2020-02-23 00:00:00",77,"Maylun Apartments, 1-25 Shu Kuk Street, North Point, Eastern",100,114.2001819,22.2908196,"Maylun Apartments, 1-25 Shu Kuk Street, North Point, Eastern, HKG",PointAddress
"Maylun Apartments, 1-25 Shu Kuk Street, Eastern",Eastern,"Maylun Apartments, 1-25 Shu Kuk Street","2020-02-23 00:00:00",83,"Maylun Apartments, 1-25 Shu Kuk Street, North Point, Eastern",100,114.2001819,22.2908196,"Maylun Apartments, 1-25 Shu Kuk Street, North Point, Eastern, HKG",PointAddress
"Maylun Apartments, 1-25 Shu Kuk Street, Eastern",Eastern,"Maylun Apartments, 1-25 Shu Kuk Street","2020-02-23 00:00:00",86,"Maylun Apartments, 1-25 Shu Kuk Street, North Point, Eastern",100,114.2001819,22.2908196,"Maylun Apartments, 1-25 Shu Kuk Street, North Point, Eastern, HKG",PointAddress
"Maylun Apartments, 1-25 Shu Kuk Street, Eastern",Eastern,"Maylun Apartments, 1-25 Shu Kuk Street","2020-02-23 00:00:00",92,"Maylun Apartments, 1-25 Shu Kuk Street, North Point, Eastern",100,114.2001819,22.2908196,"Maylun Apartments, 1-25 Shu Kuk Street, North Point, Eastern, HKG",PointAddress
"Maylun Apartments, 1-25 Shu Kuk Street, Eastern",Eastern,"Maylun Apartments, 1-25 Shu Kuk Street","2020-02-23 00:00:00",93,"Maylun Apartments, 1-25 Shu Kuk Street, North Point, Eastern",100,114.2001819,22.2908196,"Maylun Apartments, 1-25 Shu Kuk Street, North Point, Eastern, HKG",PointAddress
"Maylun Apartments, 1-25 Shu Kuk Street, Eastern",Eastern,"Maylun Apartments, 1-25 Shu Kuk Street","2020-02-23 00:00:00",102,"Maylun Apartments, 1-25 Shu Kuk Street, North Point, Eastern",100,114.2001819,22.2908196,"Maylun Apartments, 1-25 Shu Kuk Street, North Point, Eastern, HKG",PointAddress
"Maylun Apartments, 1-25 Shu Kuk Street, Eastern",Eastern,"Maylun Apartments, 1-25 Shu Kuk Street","2020-02-23 00:00:00",98,"Maylun Apartments, 1-25 Shu Kuk Street, North Point, Eastern",100,114.2001819,22.2908196,"Maylun Apartments, 1-25 Shu Kuk Street, North Point, Eastern, HKG",PointAddress
"Block 4, Swiss Towers, Wan Chai","Wan Chai","Block 4, Swiss Towers","2020-02-24 00:00:00",85,"Block 4, Cavendish Heights, 33 Perkins Road, Jardine'S Lookout, Wan Chai",96.18,114.1927091,22.27032962,"Block 4, Cavendish Heights, 33 Perkins Road, Jardine'S Lookout, Wan Chai, HKG",PointAddress
"Hong Fook Court, Bedford Gardens, Eastern",Eastern,"Hong Fook Court, Bedford Gardens","2020-02-24 00:00:00",83,"Hong Fook Court, Bedford Gardens, 153 Tin Hau Temple Road, North Point, Eastern",100,114.2043975,22.28926853,"Hong Fook Court, Bedford Gardens, 153 Tin Hau Temple Road, North Point, Eastern, HKG",PointAddress
"Hong Fook Court, Bedford Gardens, Eastern",Eastern,"Hong Fook Court, Bedford Gardens","2020-02-24 00:00:00",84,"Hong Fook Court, Bedford Gardens, 153 Tin Hau Temple Road, North Point, Eastern",100,114.2043975,22.28926853,"Hong Fook Court, Bedford Gardens, 153 Tin Hau Temple Road, North Point, Eastern, HKG",PointAddress
"Choi Tin House, Hing Tin Estate, Kwun Tong","Kwun Tong","Choi Tin House, Hing Tin Estate","2020-02-24 00:00:00",82,"Choi Tin House, Hing Tin Estate, 8 Lin Tak Road, Lam Tin, Kwun Tong",100,114.2393317,22.31323851,"Choi Tin House, Hing Tin Estate, 8 Lin Tak Road, Lam Tin, Kwun Tong, HKG",PointAddress
"Choi Tin House, Hing Tin Estate, Kwun Tong","Kwun Tong","Choi Tin House, Hing Tin Estate","2020-02-24 00:00:00",72,"Choi Tin House, Hing Tin Estate, 8 Lin Tak Road, Lam Tin, Kwun Tong",100,114.2393317,22.31323851,"Choi Tin House, Hing Tin Estate, 8 Lin Tak Road, Lam Tin, Kwun Tong, HKG",PointAddress
"Phase 1, The Redhill Peninsula, Southern",Southern,"Phase 1, The Redhill Peninsula","2020-02-24 00:00:00",76,"The Red Hill Peninsula Phase 2, Southern",84.67,114.2282785,22.23300724,"The Red Hill Peninsula Phase 2, Southern, HKG",Locality
"Phase 1, The Redhill Peninsula, Southern",Southern,"Phase 1, The Redhill Peninsula","2020-02-24 00:00:00",91,"The Red Hill Peninsula Phase 2, Southern",84.67,114.2282785,22.23300724,"The Red Hill Peninsula Phase 2, Southern, HKG",Locality
"25-29 Great George Street, Wan Chai","Wan Chai","25-29 Great George Street","2020-02-25 00:00:00",105,"25-29 Great George Street, Causeway Bay, Wan Chai",100,114.1858312,22.28098151,"25-29 Great George Street, Causeway Bay, Wan Chai, HKG",PointAddress
"29 Queen's Road Central, Central & Western","Central & Western","29 Queen's Road Central","2020-02-25 00:00:00",105,"29 Queen'S Road Central, Central, Central & Western",99.46,114.1568289,22.28176974,"29 Queen'S Road Central, Central, Central & Western, HKG",PointAddress
"Hong Kong Sanatorium & Hospital, Wan Chai","Wan Chai","Hong Kong Sanatorium & Hospital","2020-02-25 00:00:00",76,"Hong Kong Sanatorium & Hospital, 2-4 Village Road, Happy Valley, Wan Chai",100,114.182773,22.26964918,"Hong Kong Sanatorium & Hospital, 2-4 Village Road, Happy Valley, Wan Chai, HKG",PointAddress
"Maylun Apartments, 1-25 Shu Kuk Street, Eastern",Eastern,"Maylun Apartments, 1-25 Shu Kuk Street","2020-02-25 00:00:00",74,"Maylun Apartments, 1-25 Shu Kuk Street, North Point, Eastern",100,114.2001819,22.2908196,"Maylun Apartments, 1-25 Shu Kuk Street, North Point, Eastern, HKG",PointAddress
"Hong Kong Sanatorium & Hospital, Wan Chai","Wan Chai","Hong Kong Sanatorium & Hospital","2020-02-25 00:00:00",85,"Hong Kong Sanatorium & Hospital, 2-4 Village Road, Happy Valley, Wan Chai",100,114.182773,22.26964918,"Hong Kong Sanatorium & Hospital, 2-4 Village Road, Happy Valley, Wan Chai, HKG",PointAddress
"Maylun Apartments, 1-25 Shu Kuk Street, Eastern",Eastern,"Maylun Apartments, 1-25 Shu Kuk Street","2020-02-25 00:00:00",89,"Maylun Apartments, 1-25 Shu Kuk Street, North Point, Eastern",100,114.2001819,22.2908196,"Maylun Apartments, 1-25 Shu Kuk Street, North Point, Eastern, HKG",PointAddress
"Hong Kong Sanatorium & Hospital, Wan Chai","Wan Chai","Hong Kong Sanatorium & Hospital","2020-02-25 00:00:00",91,"Hong Kong Sanatorium & Hospital, 2-4 Village Road, Happy Valley, Wan Chai",100,114.182773,22.26964918,"Hong Kong Sanatorium & Hospital, 2-4 Village Road, Happy Valley, Wan Chai, HKG",PointAddress
"Block 4, Swiss Towers, Wan Chai","Wan Chai","Block 4, Swiss Towers","2020-02-25 00:00:00",85,"Block 4, Cavendish Heights, 33 Perkins Road, Jardine'S Lookout, Wan Chai",96.18,114.1927091,22.27032962,"Block 4, Cavendish Heights, 33 Perkins Road, Jardine'S Lookout, Wan Chai, HKG",PointAddress
"Block 4, Swiss Towers, Wan Chai","Wan Chai","Block 4, Swiss Towers","2020-02-25 00:00:00",90,"Block 4, Cavendish Heights, 33 Perkins Road, Jardine'S Lookout, Wan Chai",96.18,114.1927091,22.27032962,"Block 4, Cavendish Heights, 33 Perkins Road, Jardine'S Lookout, Wan Chai, HKG",PointAddress
"Maylun Apartments, 1-25 Shu Kuk Street, Eastern",Eastern,"Maylun Apartments, 1-25 Shu Kuk Street","2020-02-25 00:00:00",102,"Maylun Apartments, 1-25 Shu Kuk Street, North Point, Eastern",100,114.2001819,22.2908196,"Maylun Apartments, 1-25 Shu Kuk Street, North Point, Eastern, HKG",PointAddress
"Phase 1, The Redhill Peninsula, Southern",Southern,"Phase 1, The Redhill Peninsula","2020-02-25 00:00:00",76,"The Red Hill Peninsula Phase 2, Southern",84.67,114.2282785,22.23300724,"The Red Hill Peninsula Phase 2, Southern, HKG",Locality
"Phase 1, The Redhill Peninsula, Southern",Southern,"Phase 1, The Redhill Peninsula","2020-02-25 00:00:00",91,"The Red Hill Peninsula Phase 2, Southern",84.67,114.2282785,22.23300724,"The Red Hill Peninsula Phase 2, Southern, HKG",Locality
"Phase 1, The Redhill Peninsula, Southern",Southern,"Phase 1, The Redhill Peninsula","2020-02-25 00:00:00",103,"The Red Hill Peninsula Phase 2, Southern",84.67,114.2282785,22.23300724,"The Red Hill Peninsula Phase 2, Southern, HKG",Locality
"Block 4, Bauhinia Garden, Sai Kung","Sai Kung","Block 4, Bauhinia Garden","2020-02-26 00:00:00",92,"Block 4, Bauhinia Garden, Tseung Kwan O, Sai Kung",100,114.2626,22.30629222,"Block 4, Bauhinia Garden, Tseung Kwan O, Sai Kung, HKG",PointAddress
"Anne Black General Out-patient Clinic, Eastern",Eastern,"Anne Black General Out-patient Clinic","2020-02-26 00:00:00",93,"Stanley General Out-patient Clinic",66.53,114.21353,22.21775998,"Stanley General Out-patient Clinic, 14 Wong Ma Kok Rd, Stanley, Southern, HKG",POI
"11 Mut Wah Street, Kwun Tong","Kwun Tong","11 Mut Wah Street","2020-02-26 00:00:00",98,"11 Mut Wah St, Kwun Tong",100,114.2241575,22.31499848,"11 Mut Wah St, Kwun Tong, HKG",StreetAddress
"Smithfield Municipal Services Building, Central & Western","Central & Western","Smithfield Municipal Services Building","2020-02-26 00:00:00",105,"Smithfield Municipal Services Building, 12K Smithfield, Western District, Central & Western",100,114.1286607,22.28176367,"Smithfield Municipal Services Building, 12K Smithfield, Western District, Central & Western, HKG",PointAddress
"Jolly Villa, 8 Tai Hang Road, Wan Chai","Wan Chai","Jolly Villa, 8 Tai Hang Road","2020-02-26 00:00:00",101,"Jolly Villa, 8 Tai Hang Road, Tai Hang, Wan Chai",100,114.192318,22.27732624,"Jolly Villa, 8 Tai Hang Road, Tai Hang, Wan Chai, HKG",PointAddress
"Jolly Villa, Wan Chai","Wan Chai","Jolly Villa","2020-02-26 00:00:00",101,"Jolly Villa, 8 Tai Hang Road, Tai Hang, Wan Chai",100,114.192318,22.27732624,"Jolly Villa, 8 Tai Hang Road, Tai Hang, Wan Chai, HKG",PointAddress
"Jolly Villa, Wan Chai","Wan Chai","Jolly Villa","2020-02-26 00:00:00",104,"Jolly Villa, 8 Tai Hang Road, Tai Hang, Wan Chai",100,114.192318,22.27732624,"Jolly Villa, 8 Tai Hang Road, Tai Hang, Wan Chai, HKG",PointAddress
"Hong Fook Court, Bedford Gardens, Eastern",Eastern,"Hong Fook Court, Bedford Gardens","2020-02-26 00:00:00",83,"Hong Fook Court, Bedford Gardens, 153 Tin Hau Temple Road, North Point, Eastern",100,114.2043975,22.28926853,"Hong Fook Court, Bedford Gardens, 153 Tin Hau Temple Road, North Point, Eastern, HKG",PointAddress
"Hong Fook Court, Bedford Gardens, Eastern",Eastern,"Hong Fook Court, Bedford Gardens","2020-02-26 00:00:00",84,"Hong Fook Court, Bedford Gardens, 153 Tin Hau Temple Road, North Point, Eastern",100,114.2043975,22.28926853,"Hong Fook Court, Bedford Gardens, 153 Tin Hau Temple Road, North Point, Eastern, HKG",PointAddress
"Hong Fook Court, Bedford Gardens, Eastern",Eastern,"Hong Fook Court, Bedford Gardens","2020-02-26 00:00:00",112,"Hong Fook Court, Bedford Gardens, 153 Tin Hau Temple Road, North Point, Eastern",100,114.2043975,22.28926853,"Hong Fook Court, Bedford Gardens, 153 Tin Hau Temple Road, North Point, Eastern, HKG",PointAddress
"Block 4, Swiss Towers, Wan Chai","Wan Chai","Block 4, Swiss Towers","2020-02-26 00:00:00",85,"Block 4, Cavendish Heights, 33 Perkins Road, Jardine'S Lookout, Wan Chai",96.18,114.1927091,22.27032962,"Block 4, Cavendish Heights, 33 Perkins Road, Jardine'S Lookout, Wan Chai, HKG",PointAddress
"Block 4, Swiss Towers, Wan Chai","Wan Chai","Block 4, Swiss Towers","2020-02-26 00:00:00",90,"Block 4, Cavendish Heights, 33 Perkins Road, Jardine'S Lookout, Wan Chai",96.18,114.1927091,22.27032962,"Block 4, Cavendish Heights, 33 Perkins Road, Jardine'S Lookout, Wan Chai, HKG",PointAddress
"Block 4, Swiss Towers, Wan Chai","Wan Chai","Block 4, Swiss Towers","2020-02-26 00:00:00",113,"Block 4, Cavendish Heights, 33 Perkins Road, Jardine'S Lookout, Wan Chai",96.18,114.1927091,22.27032962,"Block 4, Cavendish Heights, 33 Perkins Road, Jardine'S Lookout, Wan Chai, HKG",PointAddress
"Hung Fuk Building, Eastern",Eastern,"Hung Fuk Building","2020-02-27 00:00:00",93,"Hung Fuk Building, 40-78 Kam Ping Street, North Point, Eastern",100,114.1996096,22.28998703,"Hung Fuk Building, 40-78 Kam Ping Street, North Point, Eastern, HKG",PointAddress
"10 Des Voeux Road Central, Central & Western","Central & Western","10 Des Voeux Road Central","2020-02-27 00:00:00",105,"10 Des Voeux Road Central, Central, Central & Western",99.46,114.1582007,22.28087619,"10 Des Voeux Road Central, Central, Central & Western, HKG",PointAddress
"Block 4, Bauhinia Garden, Sai Kung","Sai Kung","Block 4, Bauhinia Garden","2020-02-27 00:00:00",92,"Block 4, Bauhinia Garden, Tseung Kwan O, Sai Kung",100,114.2626,22.30629222,"Block 4, Bauhinia Garden, Tseung Kwan O, Sai Kung, HKG",PointAddress
"Block 4, Bauhinia Garden, Sai Kung","Sai Kung","Block 4, Bauhinia Garden","2020-02-27 00:00:00",95,"Block 4, Bauhinia Garden, Tseung Kwan O, Sai Kung",100,114.2626,22.30629222,"Block 4, Bauhinia Garden, Tseung Kwan O, Sai Kung, HKG",PointAddress
"Hong Shui Court, Kwun Tong","Kwun Tong","Hong Shui Court","2020-02-29 00:00:00",98,"Hong Shui Court, Kwun Tong",100,114.2405965,22.30142823,"Hong Shui Court, Kwun Tong, HKG",Locality
"Meng Wah Complex, Southern",Southern,"Meng Wah Complex","2020-02-29 00:00:00",107,"Wah Fu Commercial Complex",78.89,114.13749,22.25108,"Wah Fu Commercial Complex, Wah Fu Rd, Wah Fu, Southern, HKG",POI
"Un Lok House, Un Chau Estate, Sham Shui Po","Sham Shui Po","Un Lok House, Un Chau Estate","2020-02-29 00:00:00",99,"Un Lok House, Un Chau Estate, 303 Un Chau Street, Cheung Sha Wan, Sham Shui Po",100,114.1556569,22.33663035,"Un Lok House, Un Chau Estate, 303 Un Chau Street, Cheung Sha Wan, Sham Shui Po, HKG",PointAddress
"Un Lok House, Un Chau Estate, Sham Shui Po","Sham Shui Po","Un Lok House, Un Chau Estate","2020-02-29 00:00:00",100,"Un Lok House, Un Chau Estate, 303 Un Chau Street, Cheung Sha Wan, Sham Shui Po",100,114.1556569,22.33663035,"Un Lok House, Un Chau Estate, 303 Un Chau Street, Cheung Sha Wan, Sham Shui Po, HKG",PointAddress
